ENSG_A	ENSG_B	pvalue	gene_name_A	biotype_A	gene_name_B	biotype_B
ENSG00000002746	ENSG00000211452	3.4324e-09	HECW1	protein_coding	DIO1	protein_coding
ENSG00000003989	ENSG00000264015	1.13272e-09	SLC7A2	protein_coding	RP11-176N18.2	lincRNA
ENSG00000005100	ENSG00000184005	5.73556e-09	DHX33	protein_coding	ST6GALNAC3	protein_coding
ENSG00000005513	ENSG00000228340	3.13447e-09	SOX8	protein_coding	MIR646HG	lincRNA
ENSG00000006116	ENSG00000150471	5.38622e-09	CACNG3	protein_coding	LPHN3	protein_coding
ENSG00000006695	ENSG00000138182	7.42371e-09	COX10	protein_coding	KIF20B	protein_coding
ENSG00000006715	ENSG00000253541	4.45662e-09	VPS41	protein_coding	SEPT10P1	processed_pseudogene
ENSG00000006715	ENSG00000254254	4.45662e-09	VPS41	protein_coding	RP11-17A4.2	antisense
ENSG00000007237	ENSG00000118557	7.53758e-09	GAS7	protein_coding	PMFBP1	protein_coding
ENSG00000007237	ENSG00000150093	8.53663e-10	GAS7	protein_coding	ITGB1	protein_coding
ENSG00000007237	ENSG00000229656	8.53663e-10	GAS7	protein_coding	RP11-462L8.1	lincRNA
ENSG00000008394	ENSG00000185842	9.36307e-09	MGST1	protein_coding	DNAH14	protein_coding
ENSG00000008735	ENSG00000244300	3.34404e-09	MAPK8IP2	protein_coding	GATA2-AS1	antisense
ENSG00000012124	ENSG00000231312	5.98068e-09	CD22	protein_coding	AC007246.3	antisense
ENSG00000013288	ENSG00000113273	7.18274e-09	MAN2B2	protein_coding	ARSB	protein_coding
ENSG00000013297	ENSG00000196782	5.33049e-09	CLDN11	protein_coding	MAML3	protein_coding
ENSG00000018408	ENSG00000253632	8.69186e-09	WWTR1	protein_coding	RP11-486M23.1	lincRNA
ENSG00000019995	ENSG00000117114	5.26867e-09	ZRANB1	protein_coding	LPHN2	protein_coding
ENSG00000020426	ENSG00000110723	5.58967e-09	MNAT1	protein_coding	EXPH5	protein_coding
ENSG00000021300	ENSG00000185261	7.57045e-09	PLEKHB1	protein_coding	KIAA0825	protein_coding
ENSG00000021645	ENSG00000103528	3.80405e-10	NRXN3	protein_coding	SYT17	protein_coding
ENSG00000021645	ENSG00000261427	3.80405e-10	NRXN3	protein_coding	CTD-2349B8.1	protein_coding
ENSG00000023287	ENSG00000136531	3.13593e-09	RB1CC1	protein_coding	SCN2A	protein_coding
ENSG00000023287	ENSG00000233204	3.13593e-09	RB1CC1	protein_coding	MAPRE1P3	processed_pseudogene
ENSG00000027644	ENSG00000169436	1.3101e-09	INSRR	protein_coding	COL22A1	protein_coding
ENSG00000029534	ENSG00000185087	5.51585e-11	ANK1	protein_coding	FAM169B	protein_coding
ENSG00000033170	ENSG00000112541	1.7646e-10	FUT8	protein_coding	PDE10A	protein_coding
ENSG00000033170	ENSG00000223414	1.7646e-10	FUT8	protein_coding	LINC00473	lincRNA
ENSG00000036448	ENSG00000138071	2.02815e-09	MYOM2	protein_coding	ACTR2	protein_coding
ENSG00000042781	ENSG00000115649	6.02154e-09	USH2A	protein_coding	CNPPD1	protein_coding
ENSG00000042781	ENSG00000144567	6.02154e-09	USH2A	protein_coding	FAM134A	protein_coding
ENSG00000042781	ENSG00000213901	6.02154e-09	USH2A	protein_coding	SLC23A3	protein_coding
ENSG00000042781	ENSG00000280537	6.02154e-09	USH2A	protein_coding	RP11-33O4.2	protein_coding
ENSG00000047617	ENSG00000226829	2.01573e-09	ANO2	protein_coding	RP5-945F2.3	lincRNA
ENSG00000047932	ENSG00000198643	3.38745e-09	GOPC	protein_coding	FAM3D	protein_coding
ENSG00000047936	ENSG00000198643	3.38745e-09	ROS1	protein_coding	FAM3D	protein_coding
ENSG00000048740	ENSG00000259053	2.82643e-09	CELF2	protein_coding	RP11-33N16.3	processed_transcript
ENSG00000053918	ENSG00000154162	5.73186e-09	KCNQ1	protein_coding	CDH12	protein_coding
ENSG00000055208	ENSG00000156113	6.26414e-09	TAB2	protein_coding	KCNMA1	protein_coding
ENSG00000055813	ENSG00000138738	5.78573e-09	CCDC85A	protein_coding	PRDM5	protein_coding
ENSG00000057608	ENSG00000185008	1.62822e-09	GDI2	protein_coding	ROBO2	protein_coding
ENSG00000057935	ENSG00000155657	6.38303e-09	MTA3	protein_coding	TTN	protein_coding
ENSG00000060140	ENSG00000261333	5.07286e-09	STYK1	protein_coding	CD24P2	processed_pseudogene
ENSG00000064655	ENSG00000075643	4.28263e-09	EYA2	protein_coding	MOCOS	protein_coding
ENSG00000064999	ENSG00000135747	1.65957e-09	ANKS1A	protein_coding	ZNF670	protein_coding
ENSG00000064999	ENSG00000197472	1.95407e-09	ANKS1A	protein_coding	ZNF695	protein_coding
ENSG00000064999	ENSG00000236775	1.95407e-09	ANKS1A	protein_coding	RP11-551G24.3	processed_pseudogene
ENSG00000065320	ENSG00000222994	1.60856e-09	NTN1	protein_coding	AC006322.1	miRNA
ENSG00000070087	ENSG00000119866	9.92375e-09	PFN2	protein_coding	BCL11A	protein_coding
ENSG00000070371	ENSG00000149084	9.38692e-09	CLTCL1	protein_coding	HSD17B12	protein_coding
ENSG00000070601	ENSG00000202147	2.01673e-09	FRMPD1	protein_coding	RNA5SP329	rRNA
ENSG00000070748	ENSG00000231918	2.0921e-09	CHAT	protein_coding	AC007682.1	lincRNA
ENSG00000070785	ENSG00000196549	3.96558e-09	EIF2B3	protein_coding	MME	protein_coding
ENSG00000070950	ENSG00000260401	4.2575e-09	RAD18	protein_coding	RP11-800A3.4	sense_overlapping
ENSG00000071205	ENSG00000175619	6.72242e-09	ARHGAP10	protein_coding	OR4B1	protein_coding
ENSG00000071205	ENSG00000213607	5.28299e-09	ARHGAP10	protein_coding	OR4A45P	unprocessed_pseudogene
ENSG00000071242	ENSG00000179833	8.66414e-09	RPS6KA2	protein_coding	SERTAD2	protein_coding
ENSG00000071242	ENSG00000223306	6.56733e-09	RPS6KA2	protein_coding	RNU6-1304P	snRNA
ENSG00000071242	ENSG00000226349	6.56733e-09	RPS6KA2	protein_coding	RP11-145A3.2	sense_intronic
ENSG00000071242	ENSG00000227496	6.56733e-09	RPS6KA2	protein_coding	RP11-145A3.1	antisense
ENSG00000071909	ENSG00000185774	9.10037e-09	MYO3B	protein_coding	KCNIP4	protein_coding
ENSG00000073282	ENSG00000101323	8.45119e-09	TP63	protein_coding	HAO1	protein_coding
ENSG00000073849	ENSG00000171094	1.10795e-09	ST6GAL1	protein_coding	ALK	protein_coding
ENSG00000074964	ENSG00000139178	9.81501e-09	ARHGEF10L	protein_coding	C1RL	protein_coding
ENSG00000074964	ENSG00000159403	9.81501e-09	ARHGEF10L	protein_coding	C1R	protein_coding
ENSG00000077549	ENSG00000157388	5.99065e-09	CAPZB	protein_coding	CACNA1D	protein_coding
ENSG00000078328	ENSG00000155816	2.89997e-09	RBFOX1	protein_coding	FMN2	protein_coding
ENSG00000081853	ENSG00000181234	8.67872e-09	PCDHGA2	protein_coding	TMEM132C	protein_coding
ENSG00000082213	ENSG00000266913	5.95427e-09	C5orf22	protein_coding	CTC-548K16.2	lincRNA
ENSG00000083782	ENSG00000235495	1.17654e-09	EPYC	protein_coding	AC010987.5	lincRNA
ENSG00000087116	ENSG00000156222	8.92303e-09	ADAMTS2	protein_coding	SLC28A1	protein_coding
ENSG00000088002	ENSG00000187720	7.39101e-09	SULT2B1	protein_coding	THSD4	protein_coding
ENSG00000088002	ENSG00000274096	7.39101e-09	SULT2B1	protein_coding	AC104938.1	miRNA
ENSG00000088387	ENSG00000141376	1.99858e-09	DOCK9	protein_coding	BCAS3	protein_coding
ENSG00000088854	ENSG00000166575	7.41495e-09	C20orf194	protein_coding	TMEM135	protein_coding
ENSG00000089091	ENSG00000261115	4.72115e-09	DZANK1	protein_coding	TMEM178B	protein_coding
ENSG00000089169	ENSG00000203386	3.96314e-10	RPH3A	protein_coding	LINC01317	lincRNA
ENSG00000089169	ENSG00000239649	3.96314e-10	RPH3A	protein_coding	MYADML	transcribed_processed_pseudogene
ENSG00000089177	ENSG00000228956	2.39591e-09	KIF16B	protein_coding	SATB1-AS1	processed_transcript
ENSG00000090554	ENSG00000245384	2.85701e-09	FLT3LG	protein_coding	AC004053.1	antisense
ENSG00000090554	ENSG00000250670	2.85701e-09	FLT3LG	protein_coding	AC004063.1	lincRNA
ENSG00000091136	ENSG00000111186	2.5644e-09	LAMB1	protein_coding	WNT5B	protein_coding
ENSG00000091583	ENSG00000151322	4.31994e-09	APOH	protein_coding	NPAS3	protein_coding
ENSG00000092009	ENSG00000237877	3.03985e-09	CMA1	protein_coding	LINC01473	lincRNA
ENSG00000092607	ENSG00000127377	3.74167e-09	TBX15	protein_coding	CRYGN	protein_coding
ENSG00000092607	ENSG00000241456	3.74167e-09	TBX15	protein_coding	RP4-555L14.4	antisense
ENSG00000095002	ENSG00000240770	7.93314e-09	MSH2	protein_coding	C21orf91-OT1	lincRNA
ENSG00000099917	ENSG00000234352	9.34829e-09	MED15	protein_coding	AC009264.1	antisense
ENSG00000100028	ENSG00000185418	3.73184e-09	SNRPD3	protein_coding	TARSL2	protein_coding
ENSG00000100028	ENSG00000259236	6.58706e-09	SNRPD3	protein_coding	GOLGA8VP	unprocessed_pseudogene
ENSG00000100028	ENSG00000259660	6.58706e-09	SNRPD3	protein_coding	DNM1P47	transcribed_unprocessed_pseudogene
ENSG00000100031	ENSG00000185418	3.73184e-09	GGT1	protein_coding	TARSL2	protein_coding
ENSG00000100031	ENSG00000259236	6.58706e-09	GGT1	protein_coding	GOLGA8VP	unprocessed_pseudogene
ENSG00000100031	ENSG00000259660	6.58706e-09	GGT1	protein_coding	DNM1P47	transcribed_unprocessed_pseudogene
ENSG00000100105	ENSG00000198740	4.90823e-09	PATZ1	protein_coding	ZNF652	protein_coding
ENSG00000100344	ENSG00000197077	3.92354e-09	PNPLA3	protein_coding	KIAA1671	protein_coding
ENSG00000100346	ENSG00000231987	1.41535e-09	CACNA1I	protein_coding	RP5-898J17.1	lincRNA
ENSG00000100433	ENSG00000133056	2.40551e-09	KCNK10	protein_coding	PIK3C2B	protein_coding
ENSG00000100433	ENSG00000226330	5.86897e-09	KCNK10	protein_coding	RP11-739N20.2	antisense
ENSG00000100439	ENSG00000184384	6.27369e-09	ABHD4	protein_coding	MAML2	protein_coding
ENSG00000100628	ENSG00000112182	7.61283e-09	ASB2	protein_coding	BACH2	protein_coding
ENSG00000101187	ENSG00000223784	3.71436e-09	SLCO4A1	protein_coding	RP11-554I8.2	lincRNA
ENSG00000101349	ENSG00000169777	8.54175e-09	PAK7	protein_coding	TAS2R1	protein_coding
ENSG00000101349	ENSG00000249781	8.54175e-09	PAK7	protein_coding	CTD-2143L24.1	lincRNA
ENSG00000101638	ENSG00000145779	2.15108e-09	ST8SIA5	protein_coding	TNFAIP8	protein_coding
ENSG00000102531	ENSG00000249000	4.32475e-09	FNDC3A	protein_coding	CTD-2012I17.1	lincRNA
ENSG00000103148	ENSG00000169862	8.35182e-09	NPRL3	protein_coding	CTNND2	protein_coding
ENSG00000103227	ENSG00000228340	3.13447e-09	LMF1	protein_coding	MIR646HG	lincRNA
ENSG00000103316	ENSG00000250551	9.40815e-09	CRYM	protein_coding	RP11-254I22.1	lincRNA
ENSG00000103316	ENSG00000251314	9.40815e-09	CRYM	protein_coding	CTD-2337A12.1	antisense
ENSG00000103528	ENSG00000183671	2.94387e-09	SYT17	protein_coding	GPR1	protein_coding
ENSG00000104044	ENSG00000106066	9.93521e-10	OCA2	protein_coding	CPVL	protein_coding
ENSG00000104044	ENSG00000223052	5.93456e-09	OCA2	protein_coding	AC007096.1	miRNA
ENSG00000104044	ENSG00000229452	5.93456e-09	OCA2	protein_coding	AC005162.4	antisense
ENSG00000104321	ENSG00000235492	9.21433e-09	TRPA1	protein_coding	LINC01221	lincRNA
ENSG00000104435	ENSG00000254226	9.5477e-09	STMN2	protein_coding	CTB-12O2.1	lincRNA
ENSG00000104497	ENSG00000172264	9.17583e-09	SNX16	protein_coding	MACROD2	protein_coding
ENSG00000104728	ENSG00000235162	2.14482e-09	ARHGEF10	protein_coding	C12orf75	protein_coding
ENSG00000104728	ENSG00000257642	2.14482e-09	ARHGEF10	protein_coding	RP11-474B16.1	antisense
ENSG00000104728	ENSG00000264749	2.14482e-09	ARHGEF10	protein_coding	AC011313.1	miRNA
ENSG00000105186	ENSG00000235885	6.18232e-09	ANKRD27	protein_coding	AC023115.2	lincRNA
ENSG00000105186	ENSG00000236780	6.18232e-09	ANKRD27	protein_coding	AC078941.1	lincRNA
ENSG00000105327	ENSG00000153283	3.23176e-09	BBC3	protein_coding	CD96	protein_coding
ENSG00000105327	ENSG00000240787	3.23176e-09	BBC3	protein_coding	RP11-615J4.4	processed_pseudogene
ENSG00000105339	ENSG00000143207	8.007e-09	DENND3	protein_coding	RFWD2	protein_coding
ENSG00000105339	ENSG00000236021	8.007e-09	DENND3	protein_coding	RP11-195C7.1	antisense
ENSG00000105523	ENSG00000187720	7.39101e-09	FAM83E	protein_coding	THSD4	protein_coding
ENSG00000105523	ENSG00000274096	7.39101e-09	FAM83E	protein_coding	AC104938.1	miRNA
ENSG00000105705	ENSG00000134369	3.7321e-09	SUGP1	protein_coding	NAV1	protein_coding
ENSG00000105705	ENSG00000231871	3.7321e-09	SUGP1	protein_coding	IPO9-AS1	antisense
ENSG00000105705	ENSG00000235121	3.7321e-09	SUGP1	protein_coding	RP11-90L20.2	antisense
ENSG00000105705	ENSG00000264802	3.7321e-09	SUGP1	protein_coding	MIR5191	miRNA
ENSG00000105877	ENSG00000223598	6.01884e-09	DNAH11	protein_coding	RP1-292B18.4	antisense
ENSG00000105877	ENSG00000258804	6.44865e-09	DNAH11	protein_coding	RP11-322L20.1	lincRNA
ENSG00000106066	ENSG00000277361	9.93521e-10	CPVL	protein_coding	AC243653.2	protein_coding
ENSG00000106392	ENSG00000152767	6.34129e-10	C1GALT1	protein_coding	FARP1	protein_coding
ENSG00000106392	ENSG00000231194	6.34129e-10	C1GALT1	protein_coding	FARP1-AS1	antisense
ENSG00000106483	ENSG00000185532	7.45137e-09	SFRP4	protein_coding	PRKG1	protein_coding
ENSG00000106631	ENSG00000206129	8.67668e-09	MYL7	protein_coding	CTD-2008L17.2	lincRNA
ENSG00000106633	ENSG00000164588	5.69908e-09	GCK	protein_coding	HCN1	protein_coding
ENSG00000106772	ENSG00000138138	4.49246e-09	PRUNE2	protein_coding	ATAD1	protein_coding
ENSG00000106772	ENSG00000183044	9.25241e-09	PRUNE2	protein_coding	ABAT	protein_coding
ENSG00000106772	ENSG00000198682	5.08716e-10	PRUNE2	protein_coding	PAPSS2	protein_coding
ENSG00000107099	ENSG00000167346	5.58152e-09	DOCK8	protein_coding	MMP26	protein_coding
ENSG00000107186	ENSG00000181965	9.09423e-09	MPDZ	protein_coding	NEUROG1	protein_coding
ENSG00000107249	ENSG00000158089	9.67341e-09	GLIS3	protein_coding	GALNT14	protein_coding
ENSG00000107249	ENSG00000161381	2.17996e-09	GLIS3	protein_coding	PLXDC1	protein_coding
ENSG00000107249	ENSG00000198440	3.05742e-09	GLIS3	protein_coding	ZNF583	protein_coding
ENSG00000107249	ENSG00000263818	2.17996e-09	GLIS3	protein_coding	CTD-2206N4.4	transcribed_processed_pseudogene
ENSG00000107736	ENSG00000187054	3.57321e-09	CDH23	protein_coding	TMPRSS11A	protein_coding
ENSG00000107736	ENSG00000248049	3.57321e-09	CDH23	protein_coding	UBA6-AS1	antisense
ENSG00000107829	ENSG00000232855	3.90095e-09	FBXW4	protein_coding	AF131217.1	lincRNA
ENSG00000108021	ENSG00000185008	2.38877e-09	FAM208B	protein_coding	ROBO2	protein_coding
ENSG00000108561	ENSG00000184005	5.73556e-09	C1QBP	protein_coding	ST6GALNAC3	protein_coding
ENSG00000109047	ENSG00000118557	7.53758e-09	RCVRN	protein_coding	PMFBP1	protein_coding
ENSG00000109686	ENSG00000182667	2.45828e-09	SH3D19	protein_coding	NTM	protein_coding
ENSG00000109805	ENSG00000259639	2.16906e-10	NCAPG	protein_coding	RP11-184D12.1	lincRNA
ENSG00000110693	ENSG00000130226	7.4343e-09	SOX6	protein_coding	DPP6	protein_coding
ENSG00000110723	ENSG00000258892	5.58967e-09	EXPH5	protein_coding	RP11-193F5.1	processed_transcript
ENSG00000111110	ENSG00000172349	2.60038e-09	PPM1H	protein_coding	IL16	protein_coding
ENSG00000111186	ENSG00000273055	2.5644e-09	WNT5B	protein_coding	CTB-13F3.1	antisense
ENSG00000111196	ENSG00000261333	5.07286e-09	MAGOHB	protein_coding	CD24P2	processed_pseudogene
ENSG00000111215	ENSG00000227964	7.82035e-09	PRR4	protein_coding	LINC01429	lincRNA
ENSG00000111540	ENSG00000170091	2.30371e-09	RAB5B	protein_coding	HMP19	protein_coding
ENSG00000111728	ENSG00000128849	7.47661e-09	ST8SIA1	protein_coding	CGNL1	protein_coding
ENSG00000111728	ENSG00000151490	3.06423e-09	ST8SIA1	protein_coding	PTPRO	protein_coding
ENSG00000111728	ENSG00000225006	8.09144e-09	ST8SIA1	protein_coding	RP11-669M2.1	lincRNA
ENSG00000112182	ENSG00000278693	7.61283e-09	BACH2	protein_coding	ASB2	protein_coding
ENSG00000112541	ENSG00000226407	3.33712e-09	PDE10A	protein_coding	RPL23P11	processed_pseudogene
ENSG00000112541	ENSG00000249782	1.98302e-09	PDE10A	protein_coding	RP11-417J1.1	lincRNA
ENSG00000112541	ENSG00000276116	1.70034e-09	PDE10A	protein_coding	FUT8-AS1	antisense
ENSG00000112685	ENSG00000187258	4.23539e-09	EXOC2	protein_coding	NPSR1	protein_coding
ENSG00000112685	ENSG00000197085	4.23539e-09	EXOC2	protein_coding	NPSR1-AS1	processed_transcript
ENSG00000112742	ENSG00000219438	8.60094e-09	TTK	protein_coding	FAM19A5	protein_coding
ENSG00000112837	ENSG00000154162	3.27493e-09	TBX18	protein_coding	CDH12	protein_coding
ENSG00000112902	ENSG00000250333	9.88498e-09	SEMA5A	protein_coding	RP11-4O3.1	lincRNA
ENSG00000113263	ENSG00000222451	1.91359e-09	ITK	protein_coding	RN7SKP143	misc_RNA
ENSG00000113318	ENSG00000198610	2.61259e-09	MSH3	protein_coding	AKR1C4	protein_coding
ENSG00000113448	ENSG00000166501	4.05013e-09	PDE4D	protein_coding	PRKCB	protein_coding
ENSG00000113580	ENSG00000127507	1.80335e-10	NR3C1	protein_coding	EMR2	protein_coding
ENSG00000113971	ENSG00000157954	6.33897e-09	NPHP3	protein_coding	WIPI2	protein_coding
ENSG00000114062	ENSG00000174899	8.09157e-09	UBE3A	protein_coding	PQLC2L	protein_coding
ENSG00000115183	ENSG00000185345	7.12422e-09	TANC1	protein_coding	PARK2	protein_coding
ENSG00000115425	ENSG00000162407	4.94391e-09	PECR	protein_coding	PPAP2B	protein_coding
ENSG00000115425	ENSG00000236776	4.94391e-09	PECR	protein_coding	RPL21P23	processed_pseudogene
ENSG00000116117	ENSG00000225179	4.60119e-09	PARD3B	protein_coding	LINC00457	lincRNA
ENSG00000116117	ENSG00000271850	4.60119e-09	PARD3B	protein_coding	RP11-16D22.2	lincRNA
ENSG00000116117	ENSG00000271901	4.60119e-09	PARD3B	protein_coding	RP11-266E6.3	lincRNA
ENSG00000116147	ENSG00000198795	5.81279e-10	TNR	protein_coding	ZNF521	protein_coding
ENSG00000116221	ENSG00000134146	3.66508e-09	MRPL37	protein_coding	DPH6	protein_coding
ENSG00000116711	ENSG00000260086	1.87763e-09	PLA2G4A	protein_coding	RP11-42I10.1	lincRNA
ENSG00000116977	ENSG00000187672	7.88239e-09	LGALS8	protein_coding	ERC2	protein_coding
ENSG00000117114	ENSG00000249456	8.78633e-09	LPHN2	protein_coding	RP11-298J20.4	sense_overlapping
ENSG00000117266	ENSG00000183117	4.20411e-09	CDK18	protein_coding	CSMD1	protein_coding
ENSG00000117632	ENSG00000170325	4.27742e-09	STMN1	protein_coding	PRDM10	protein_coding
ENSG00000117724	ENSG00000132932	2.69494e-09	CENPF	protein_coding	ATP8A2	protein_coding
ENSG00000118257	ENSG00000213708	3.3852e-09	NRP2	protein_coding	SLC16A14P1	unprocessed_pseudogene
ENSG00000119125	ENSG00000124143	6.23553e-10	GDA	protein_coding	ARHGAP40	protein_coding
ENSG00000119321	ENSG00000183117	6.23983e-09	FKBP15	protein_coding	CSMD1	protein_coding
ENSG00000120254	ENSG00000171105	6.51806e-09	MTHFD1L	protein_coding	INSR	protein_coding
ENSG00000121380	ENSG00000138075	7.27092e-11	BCL2L14	protein_coding	ABCG5	protein_coding
ENSG00000121380	ENSG00000184454	2.83427e-09	BCL2L14	protein_coding	NCMAP	protein_coding
ENSG00000122012	ENSG00000198929	4.22088e-09	SV2C	protein_coding	NOS1AP	protein_coding
ENSG00000122025	ENSG00000231200	5.46911e-09	FLT3	protein_coding	AC068490.2	lincRNA
ENSG00000122584	ENSG00000147526	7.84207e-09	NXPH1	protein_coding	TACC1	protein_coding
ENSG00000122584	ENSG00000207258	7.84207e-09	NXPH1	protein_coding	Y_RNA	misc_RNA
ENSG00000123374	ENSG00000170091	2.30371e-09	CDK2	protein_coding	HMP19	protein_coding
ENSG00000123453	ENSG00000257997	5.51777e-09	SARDH	protein_coding	RP11-100F15.2	lincRNA
ENSG00000123552	ENSG00000230182	5.91508e-09	USP45	protein_coding	RNF10P1	processed_pseudogene
ENSG00000124205	ENSG00000223064	2.40998e-09	EDN3	protein_coding	RNU6-325P	snRNA
ENSG00000124491	ENSG00000134138	2.06383e-09	F13A1	protein_coding	MEIS2	protein_coding
ENSG00000124491	ENSG00000166833	3.49789e-09	F13A1	protein_coding	NAV2	protein_coding
ENSG00000124635	ENSG00000145216	5.62441e-09	HIST1H2BJ	protein_coding	FIP1L1	protein_coding
ENSG00000124678	ENSG00000135747	2.26174e-09	TCP11	protein_coding	ZNF670	protein_coding
ENSG00000124813	ENSG00000231877	1.7811e-09	RUNX2	protein_coding	RP11-177F15.1	lincRNA
ENSG00000125821	ENSG00000149256	8.2006e-09	DTD1	protein_coding	TENM4	protein_coding
ENSG00000125888	ENSG00000183715	9.6581e-09	BANF2	protein_coding	OPCML	protein_coding
ENSG00000127249	ENSG00000246541	4.39187e-09	ATP13A4	protein_coding	RP11-363G15.2	lincRNA
ENSG00000128739	ENSG00000170471	7.49799e-09	SNRPN	protein_coding	RALGAPB	protein_coding
ENSG00000128815	ENSG00000234626	8.99348e-09	WDFY4	protein_coding	RP1-149A16.12	antisense
ENSG00000128815	ENSG00000280361	8.99348e-09	WDFY4	protein_coding	RP1-149A16.19	lincRNA
ENSG00000128829	ENSG00000166148	1.96207e-09	EIF2AK4	protein_coding	AVPR1A	protein_coding
ENSG00000128918	ENSG00000131697	6.82738e-09	ALDH1A2	protein_coding	NPHP4	protein_coding
ENSG00000128918	ENSG00000264101	6.82738e-09	ALDH1A2	protein_coding	MIR4689	miRNA
ENSG00000129116	ENSG00000183780	5.46927e-09	PALLD	protein_coding	SLC35F3	protein_coding
ENSG00000129521	ENSG00000136267	2.62888e-09	EGLN3	protein_coding	DGKB	protein_coding
ENSG00000129988	ENSG00000259616	7.23605e-09	LBP	protein_coding	RP11-507B12.2	lincRNA
ENSG00000130226	ENSG00000179148	4.3857e-09	DPP6	protein_coding	ALOXE3	protein_coding
ENSG00000130226	ENSG00000187951	3.668e-09	DPP6	protein_coding	ARHGAP11B	protein_coding
ENSG00000130226	ENSG00000258882	2.5173e-09	DPP6	protein_coding	CTD-2277K2.1	lincRNA
ENSG00000130340	ENSG00000145012	5.11901e-09	SNX9	protein_coding	LPP	protein_coding
ENSG00000130707	ENSG00000145191	9.25112e-09	ASS1	protein_coding	EIF2B5	protein_coding
ENSG00000131848	ENSG00000185345	4.7498e-09	ZSCAN5A	protein_coding	PARK2	protein_coding
ENSG00000132837	ENSG00000146700	8.92291e-09	DMGDH	protein_coding	SSC4D	protein_coding
ENSG00000134146	ENSG00000215883	3.66508e-09	DPH6	protein_coding	CYB5RL	protein_coding
ENSG00000134146	ENSG00000256407	3.66508e-09	DPH6	protein_coding	RP11-446E24.4	protein_coding
ENSG00000134369	ENSG00000187664	6.63974e-09	NAV1	protein_coding	HAPLN4	protein_coding
ENSG00000134369	ENSG00000213996	3.7321e-09	NAV1	protein_coding	TM6SF2	protein_coding
ENSG00000134369	ENSG00000267629	3.7321e-09	NAV1	protein_coding	AC138430.4	processed_transcript
ENSG00000134516	ENSG00000252655	6.08888e-09	DOCK2	protein_coding	Y_RNA	misc_RNA
ENSG00000134516	ENSG00000259053	6.08888e-09	DOCK2	protein_coding	RP11-33N16.3	processed_transcript
ENSG00000134532	ENSG00000186908	4.62685e-09	SOX5	protein_coding	ZDHHC17	protein_coding
ENSG00000134640	ENSG00000241956	8.00891e-09	MTNR1B	protein_coding	CTC-340A15.2	antisense
ENSG00000135363	ENSG00000183117	8.45472e-09	LMO2	protein_coding	CSMD1	protein_coding
ENSG00000135424	ENSG00000176463	8.40979e-09	ITGA7	protein_coding	SLCO3A1	protein_coding
ENSG00000135605	ENSG00000244559	8.19174e-09	TEC	protein_coding	CTD-2377D24.2	processed_pseudogene
ENSG00000135605	ENSG00000244649	8.19174e-09	TEC	protein_coding	CTD-2377D24.6	lincRNA
ENSG00000135636	ENSG00000179399	2.22491e-09	DYSF	protein_coding	GPC5	protein_coding
ENSG00000135747	ENSG00000264241	2.26174e-09	ZNF670	protein_coding	AL138721.1	miRNA
ENSG00000135747	ENSG00000266330	2.26174e-09	ZNF670	protein_coding	AL138721.2	miRNA
ENSG00000136048	ENSG00000228214	4.43591e-09	DRAM1	protein_coding	LINC00693	antisense
ENSG00000136371	ENSG00000188511	9.41984e-09	MTHFS	protein_coding	C22orf34	lincRNA
ENSG00000137871	ENSG00000151376	4.31363e-09	ZNF280D	protein_coding	ME3	protein_coding
ENSG00000137871	ENSG00000254733	4.31363e-09	ZNF280D	protein_coding	RP11-317J19.1	antisense
ENSG00000137872	ENSG00000149575	5.34408e-09	SEMA6D	protein_coding	SCN2B	protein_coding
ENSG00000138071	ENSG00000274137	2.02815e-09	ACTR2	protein_coding	MYOM2	protein_coding
ENSG00000138162	ENSG00000215277	4.33071e-09	TACC2	protein_coding	RNF212B	protein_coding
ENSG00000138162	ENSG00000252347	4.33071e-09	TACC2	protein_coding	RNU6-1046P	snRNA
ENSG00000138433	ENSG00000165983	2.23324e-09	CIR1	protein_coding	PTER	protein_coding
ENSG00000138433	ENSG00000165985	2.23324e-09	CIR1	protein_coding	C1QL3	protein_coding
ENSG00000138640	ENSG00000220130	6.65335e-09	FAM13A	protein_coding	RP1-72A23.3	processed_pseudogene
ENSG00000138738	ENSG00000152104	2.12747e-09	PRDM5	protein_coding	PTPN14	protein_coding
ENSG00000138738	ENSG00000199395	5.78573e-09	PRDM5	protein_coding	RNA5SP93	rRNA
ENSG00000138738	ENSG00000271894	5.78573e-09	PRDM5	protein_coding	RP11-482H16.1	processed_transcript
ENSG00000138780	ENSG00000164619	5.64445e-09	GSTCD	protein_coding	BMPER	protein_coding
ENSG00000138785	ENSG00000164619	5.64445e-09	INTS12	protein_coding	BMPER	protein_coding
ENSG00000138942	ENSG00000198740	2.12428e-09	RNF185	protein_coding	ZNF652	protein_coding
ENSG00000139044	ENSG00000241956	4.99775e-09	B4GALNT3	protein_coding	CTC-340A15.2	antisense
ENSG00000139083	ENSG00000151812	8.09922e-09	ETV6	protein_coding	SLC35F4	protein_coding
ENSG00000139364	ENSG00000260240	3.61517e-09	TMEM132B	protein_coding	APOOP5	transcribed_processed_pseudogene
ENSG00000139618	ENSG00000236253	2.79637e-09	BRCA2	protein_coding	SLC25A3P1	transcribed_processed_pseudogene
ENSG00000140025	ENSG00000171643	3.33744e-09	EFCAB11	protein_coding	S100Z	protein_coding
ENSG00000140416	ENSG00000260945	3.88411e-09	TPM1	protein_coding	RP11-916L7.1	lincRNA
ENSG00000140538	ENSG00000226022	1.67715e-10	NTRK3	protein_coding	AC026167.1	lincRNA
ENSG00000140548	ENSG00000264104	6.55684e-09	ZNF710	protein_coding	RP11-638L3.4	processed_pseudogene
ENSG00000140548	ENSG00000265533	6.55684e-09	ZNF710	protein_coding	RP11-638L3.1	lincRNA
ENSG00000140950	ENSG00000169604	3.26003e-09	TLDC1	protein_coding	ANTXR1	protein_coding
ENSG00000141012	ENSG00000196482	7.0686e-09	GALNS	protein_coding	ESRRG	protein_coding
ENSG00000141447	ENSG00000156869	7.70579e-09	OSBPL1A	protein_coding	FRRS1	protein_coding
ENSG00000142534	ENSG00000245384	1.4905e-09	RPS11	protein_coding	AC004053.1	antisense
ENSG00000142534	ENSG00000250670	1.4905e-09	RPS11	protein_coding	AC004063.1	lincRNA
ENSG00000142541	ENSG00000245384	1.4905e-09	RPL13A	protein_coding	AC004053.1	antisense
ENSG00000142541	ENSG00000250670	1.4905e-09	RPL13A	protein_coding	AC004063.1	lincRNA
ENSG00000142609	ENSG00000162669	5.33571e-09	CFAP74	protein_coding	HFM1	protein_coding
ENSG00000144407	ENSG00000251102	4.7074e-09	PTH2R	protein_coding	CTBP2P4	processed_pseudogene
ENSG00000144619	ENSG00000211802	2.03645e-09	CNTN4	protein_coding	TRAV22	TR_V_gene
ENSG00000144619	ENSG00000276428	2.03645e-09	CNTN4	protein_coding	AE000660.21	processed_pseudogene
ENSG00000144645	ENSG00000160408	5.43427e-09	OSBPL10	protein_coding	ST6GALNAC6	protein_coding
ENSG00000144681	ENSG00000237647	4.59028e-09	STAC	protein_coding	ERICH1-AS1	antisense
ENSG00000144810	ENSG00000227542	7.60177e-09	COL8A1	protein_coding	AC092614.2	lincRNA
ENSG00000145012	ENSG00000231977	7.28086e-09	LPP	protein_coding	RP5-963E22.4	lincRNA
ENSG00000145191	ENSG00000171517	7.90045e-09	EIF2B5	protein_coding	LPAR3	protein_coding
ENSG00000145216	ENSG00000265846	5.7814e-09	FIP1L1	protein_coding	MIR4276	miRNA
ENSG00000145216	ENSG00000272468	5.62441e-09	FIP1L1	protein_coding	RP1-86C11.7	lincRNA
ENSG00000145362	ENSG00000172461	5.46655e-09	ANK2	protein_coding	FUT9	protein_coding
ENSG00000145526	ENSG00000159023	7.43745e-09	CDH18	protein_coding	EPB41	protein_coding
ENSG00000145743	ENSG00000226938	6.61851e-09	FBXL17	protein_coding	RP11-117D22.1	lincRNA
ENSG00000145982	ENSG00000162711	2.43348e-09	FARS2	protein_coding	NLRP3	protein_coding
ENSG00000145982	ENSG00000179676	3.26797e-09	FARS2	protein_coding	LINC00305	lincRNA
ENSG00000145982	ENSG00000267134	3.26797e-09	FARS2	protein_coding	RP11-146N18.1	lincRNA
ENSG00000146592	ENSG00000164749	3.96214e-09	CREB5	protein_coding	HNF4G	protein_coding
ENSG00000146910	ENSG00000235042	8.58661e-09	CNPY1	protein_coding	AC098820.2	antisense
ENSG00000147316	ENSG00000150995	5.82425e-09	MCPH1	protein_coding	ITPR1	protein_coding
ENSG00000147488	ENSG00000181355	6.97964e-09	ST18	protein_coding	OFCC1	protein_coding
ENSG00000147588	ENSG00000251680	2.22298e-09	PMP2	protein_coding	CTC-575N7.1	antisense
ENSG00000147724	ENSG00000256995	4.50514e-09	FAM135B	protein_coding	RP11-114G22.1	lincRNA
ENSG00000148498	ENSG00000231367	9.84812e-09	PARD3	protein_coding	AC016995.3	lincRNA
ENSG00000148948	ENSG00000257239	7.48562e-09	LRRC4C	protein_coding	RP11-630C16.2	lincRNA
ENSG00000149294	ENSG00000272632	6.05151e-09	NCAM1	protein_coding	RP11-362F19.3	lincRNA
ENSG00000149571	ENSG00000279910	9.92872e-09	KIRREL3	protein_coding	RP11-113E21.2	TEC
ENSG00000150275	ENSG00000152767	3.76343e-09	PCDH15	protein_coding	FARP1	protein_coding
ENSG00000150672	ENSG00000163803	1.53745e-09	DLG2	protein_coding	PLB1	protein_coding
ENSG00000150672	ENSG00000230730	1.53745e-09	DLG2	protein_coding	AC074011.2	antisense
ENSG00000151812	LRG_609	8.09922e-09	SLC35F4	protein_coding	ETV6	LRG_gene
ENSG00000151948	ENSG00000163492	2.6445e-09	GLT1D1	protein_coding	CCDC141	protein_coding
ENSG00000152049	ENSG00000158528	4.70029e-09	KCNE4	protein_coding	PPP1R9A	protein_coding
ENSG00000152049	ENSG00000236197	4.70029e-09	KCNE4	protein_coding	AC002429.5	antisense
ENSG00000152223	ENSG00000152767	3.88478e-09	EPG5	protein_coding	FARP1	protein_coding
ENSG00000152284	ENSG00000277946	9.37237e-09	TCF7L1	protein_coding	Metazoa_SRP	misc_RNA
ENSG00000152527	ENSG00000251937	5.17182e-09	PLEKHH2	protein_coding	RNU7-129P	snRNA
ENSG00000153064	ENSG00000160584	6.3318e-10	BANK1	protein_coding	SIK3	protein_coding
ENSG00000153162	ENSG00000214113	6.27736e-09	BMP6	protein_coding	LYRM4	protein_coding
ENSG00000153310	ENSG00000187672	3.89982e-09	FAM49B	protein_coding	ERC2	protein_coding
ENSG00000154027	ENSG00000253348	2.52236e-10	AK5	protein_coding	CTC-455F18.1	antisense
ENSG00000154040	ENSG00000156869	7.70579e-09	CABYR	protein_coding	FRRS1	protein_coding
ENSG00000154162	ENSG00000219604	3.27493e-09	CDH12	protein_coding	RP11-132M7.2	processed_pseudogene
ENSG00000154162	ENSG00000228290	3.27493e-09	CDH12	protein_coding	RP11-132M7.3	antisense
ENSG00000154162	LRG_287	5.73186e-09	CDH12	protein_coding	KCNQ1	LRG_gene
ENSG00000154556	ENSG00000164418	8.54672e-09	SORBS2	protein_coding	GRIK2	protein_coding
ENSG00000154975	ENSG00000168418	2.12211e-09	CA10	protein_coding	KCNG4	protein_coding
ENSG00000154978	ENSG00000224532	3.46193e-09	VOPP1	protein_coding	RP3-470L22.1	lincRNA
ENSG00000155093	ENSG00000163947	2.32595e-09	PTPRN2	protein_coding	ARHGEF3	protein_coding
ENSG00000155093	ENSG00000186451	2.32595e-09	PTPRN2	protein_coding	SPATA12	protein_coding
ENSG00000155093	ENSG00000272202	2.32595e-09	PTPRN2	protein_coding	RP11-157F20.3	antisense
ENSG00000155158	ENSG00000184005	7.25529e-09	TTC39B	protein_coding	ST6GALNAC3	protein_coding
ENSG00000155530	ENSG00000186526	3.29506e-09	LRGUK	protein_coding	CYP4F8	protein_coding
ENSG00000155530	ENSG00000186529	3.29506e-09	LRGUK	protein_coding	CYP4F3	protein_coding
ENSG00000155530	ENSG00000225067	3.29506e-09	LRGUK	protein_coding	RPL23AP2	processed_pseudogene
ENSG00000155530	ENSG00000266951	3.29506e-09	LRGUK	protein_coding	AD000091.2	lincRNA
ENSG00000155530	ENSG00000267135	3.29506e-09	LRGUK	protein_coding	AD000091.3	processed_pseudogene
ENSG00000155657	ENSG00000273913	6.38303e-09	TTN	protein_coding	Metazoa_SRP	misc_RNA
ENSG00000156113	ENSG00000241391	6.26414e-09	KCNMA1	protein_coding	RN7SL234P	misc_RNA
ENSG00000156463	ENSG00000196482	7.44375e-10	SH3RF2	protein_coding	ESRRG	protein_coding
ENSG00000156804	ENSG00000228214	4.06761e-09	FBXO32	protein_coding	LINC00693	antisense
ENSG00000156869	ENSG00000265750	7.70579e-09	FRRS1	protein_coding	RP11-799B12.4	lincRNA
ENSG00000157654	ENSG00000197134	5.21835e-09	PALM2-AKAP2	protein_coding	ZNF257	protein_coding
ENSG00000157654	ENSG00000268116	7.83695e-09	PALM2-AKAP2	protein_coding	RP11-157B13.1	processed_pseudogene
ENSG00000157654	ENSG00000268140	7.83695e-09	PALM2-AKAP2	protein_coding	PCGF7P	processed_pseudogene
ENSG00000157654	ENSG00000269505	7.83695e-09	PALM2-AKAP2	protein_coding	ZNF92P2	processed_pseudogene
ENSG00000157654	ENSG00000269742	5.21835e-09	PALM2-AKAP2	protein_coding	BNIP3P29	processed_pseudogene
ENSG00000157654	ENSG00000279577	7.83695e-09	PALM2-AKAP2	protein_coding	RP11-157B13.14	processed_pseudogene
ENSG00000157766	ENSG00000183655	1.47026e-09	ACAN	protein_coding	KLHL25	protein_coding
ENSG00000157827	ENSG00000185345	1.51011e-09	FMNL2	protein_coding	PARK2	protein_coding
ENSG00000157954	ENSG00000248724	6.33897e-09	WIPI2	protein_coding	NPHP3-AS1	antisense
ENSG00000157954	ENSG00000274810	6.33897e-09	WIPI2	protein_coding	NPHP3-ACAD11	protein_coding
ENSG00000158966	ENSG00000256061	2.35876e-09	CACHD1	protein_coding	DYX1C1	protein_coding
ENSG00000158966	ENSG00000261652	2.35876e-09	CACHD1	protein_coding	C15orf65	protein_coding
ENSG00000158966	ENSG00000261771	2.35876e-09	CACHD1	protein_coding	DYX1C1-CCPG1	processed_transcript
ENSG00000161202	ENSG00000171517	7.90045e-09	DVL3	protein_coding	LPAR3	protein_coding
ENSG00000161203	ENSG00000171517	7.90045e-09	AP2M1	protein_coding	LPAR3	protein_coding
ENSG00000161970	ENSG00000242327	4.90161e-09	RPL26	protein_coding	CTD-2184D3.1	processed_pseudogene
ENSG00000161970	ENSG00000259712	4.90161e-09	RPL26	protein_coding	CTD-2184D3.5	antisense
ENSG00000162670	ENSG00000171045	5.88365e-09	BRINP3	protein_coding	TSNARE1	protein_coding
ENSG00000163645	ENSG00000184588	9.6479e-11	ERICH6	protein_coding	PDE4B	protein_coding
ENSG00000163803	ENSG00000276179	1.53745e-09	PLB1	protein_coding	DLG2-AS1_2	misc_RNA
ENSG00000164035	ENSG00000187391	2.49238e-09	EMCN	protein_coding	MAGI2	protein_coding
ENSG00000164171	ENSG00000235605	8.46087e-09	ITGA2	protein_coding	RP5-827C21.1	processed_pseudogene
ENSG00000164171	ENSG00000236358	8.46087e-09	ITGA2	protein_coding	RP5-827C21.2	antisense
ENSG00000164199	ENSG00000205683	9.95781e-09	GPR98	protein_coding	DPF3	protein_coding
ENSG00000164300	ENSG00000183826	9.43444e-09	SERINC5	protein_coding	BTBD9	protein_coding
ENSG00000164574	ENSG00000182400	8.87719e-09	GALNT10	protein_coding	TRAPPC6B	protein_coding
ENSG00000164574	ENSG00000241984	8.87719e-09	GALNT10	protein_coding	RPL7AP2	processed_pseudogene
ENSG00000164619	ENSG00000251175	5.64445e-09	BMPER	protein_coding	RP11-45L9.1	antisense
ENSG00000164627	ENSG00000172264	8.07386e-09	KIF6	protein_coding	MACROD2	protein_coding
ENSG00000164764	ENSG00000236310	2.8559e-09	SBSPON	protein_coding	AC005027.3	sense_overlapping
ENSG00000165066	ENSG00000185087	5.51585e-11	NKX6-3	protein_coding	FAM169B	protein_coding
ENSG00000165383	ENSG00000234626	8.99348e-09	LRRC18	protein_coding	RP1-149A16.12	antisense
ENSG00000165383	ENSG00000280361	8.99348e-09	LRRC18	protein_coding	RP1-149A16.19	lincRNA
ENSG00000165471	ENSG00000186642	9.28269e-09	MBL2	protein_coding	PDE2A	protein_coding
ENSG00000165526	ENSG00000232973	3.63466e-09	RPUSD4	protein_coding	CYP1B1-AS1	antisense
ENSG00000165526	ENSG00000280276	3.63466e-09	RPUSD4	protein_coding	RP11-314C9.1	TEC
ENSG00000165556	ENSG00000182667	5.48451e-09	CDX2	protein_coding	NTM	protein_coding
ENSG00000166111	ENSG00000171435	3.8919e-09	SVOP	protein_coding	KSR2	protein_coding
ENSG00000166171	ENSG00000232855	3.90095e-09	DPCD	protein_coding	AF131217.1	lincRNA
ENSG00000166206	ENSG00000257322	7.70995e-09	GABRB3	protein_coding	RP11-511B23.2	antisense
ENSG00000166748	ENSG00000229981	6.31157e-09	AGBL1	protein_coding	LINC01435	lincRNA
ENSG00000166780	ENSG00000212475	3.84818e-09	C16orf45	protein_coding	RNU6-400P	snRNA
ENSG00000166974	ENSG00000222072	3.992e-09	MAPRE2	protein_coding	Y_RNA	misc_RNA
ENSG00000167014	ENSG00000275720	4.14435e-10	C15orf43	protein_coding	CTB-75G16.3	lincRNA
ENSG00000167306	ENSG00000227145	9.4267e-09	MYO5B	protein_coding	IL21-AS1	antisense
ENSG00000167346	LRG_196	5.58152e-09	MMP26	protein_coding	DOCK8	LRG_gene
ENSG00000167515	ENSG00000196482	7.0686e-09	TRAPPC2L	protein_coding	ESRRG	protein_coding
ENSG00000167632	ENSG00000280683	6.29441e-09	TRAPPC9	protein_coding	LINC01242	lincRNA
ENSG00000168078	ENSG00000241168	3.44901e-09	PBK	protein_coding	RP11-10O22.1	lincRNA
ENSG00000168264	ENSG00000187323	7.14528e-09	IRF2BP2	protein_coding	DCC	protein_coding
ENSG00000168367	ENSG00000259065	9.08378e-09	LINC00917	lincRNA	RP5-1021I20.1	antisense
ENSG00000169427	ENSG00000197951	2.53384e-09	KCNK9	protein_coding	ZNF71	protein_coding
ENSG00000169436	ENSG00000198400	1.3101e-09	COL22A1	protein_coding	NTRK1	protein_coding
ENSG00000169507	ENSG00000173226	8.27109e-09	SLC38A11	protein_coding	IQCB1	protein_coding
ENSG00000169926	ENSG00000239821	3.55479e-09	KLF13	protein_coding	RN7SL513P	misc_RNA
ENSG00000170091	ENSG00000185664	2.30371e-09	HMP19	protein_coding	PMEL	protein_coding
ENSG00000170091	ENSG00000237493	2.30371e-09	HMP19	protein_coding	RP11-603J24.7	processed_pseudogene
ENSG00000170370	ENSG00000227290	2.36015e-09	EMX2	protein_coding	LINC01364	lincRNA
ENSG00000170439	ENSG00000176463	8.40979e-09	METTL7B	protein_coding	SLCO3A1	protein_coding
ENSG00000170442	ENSG00000258932	1.5798e-09	KRT86	protein_coding	CTD-3006G17.2	transcribed_processed_pseudogene
ENSG00000170858	ENSG00000205592	9.04371e-09	LILRP2	transcribed_processed_pseudogene	MUC19	processed_transcript
ENSG00000170858	ENSG00000258167	9.04371e-09	LILRP2	transcribed_processed_pseudogene	RP11-115F18.1	antisense
ENSG00000170927	ENSG00000183166	5.06959e-09	PKHD1	protein_coding	CALN1	protein_coding
ENSG00000171094	ENSG00000182185	5.84382e-09	ALK	protein_coding	RAD51B	protein_coding
ENSG00000171105	ENSG00000202119	6.51806e-09	INSR	protein_coding	RNU6-302P	snRNA
ENSG00000171105	ENSG00000218996	6.51806e-09	INSR	protein_coding	RP1-99E18.2	processed_pseudogene
ENSG00000171310	ENSG00000179766	2.18057e-09	CHST11	protein_coding	ATP8B5P	transcribed_unprocessed_pseudogene
ENSG00000171310	ENSG00000198722	2.18057e-09	CHST11	protein_coding	UNC13B	protein_coding
ENSG00000171643	ENSG00000259053	3.33744e-09	S100Z	protein_coding	RP11-33N16.3	processed_transcript
ENSG00000171791	ENSG00000178913	5.88252e-09	BCL2	protein_coding	TAF7	protein_coding
ENSG00000172264	ENSG00000231942	9.17583e-09	MACROD2	protein_coding	HNRNPA1P36	processed_pseudogene
ENSG00000172264	ENSG00000253334	9.17583e-09	MACROD2	protein_coding	RP13-923O23.6	antisense
ENSG00000172461	LRG_327	5.46655e-09	FUT9	protein_coding	ANK2	LRG_gene
ENSG00000172995	ENSG00000260109	4.67273e-09	ARPP21	protein_coding	RP11-883G10.1	unprocessed_pseudogene
ENSG00000173226	ENSG00000236283	8.27109e-09	IQCB1	protein_coding	AC013463.2	antisense
ENSG00000173575	ENSG00000226994	9.87569e-09	CHD2	protein_coding	AC012593.1	lincRNA
ENSG00000173598	ENSG00000198730	2.73936e-09	NUDT4	protein_coding	CTR9	protein_coding
ENSG00000173988	ENSG00000253377	3.70536e-09	LRRC63	protein_coding	RP11-566H8.3	lincRNA
ENSG00000174453	ENSG00000228340	3.11757e-09	VWC2L	protein_coding	MIR646HG	lincRNA
ENSG00000174469	ENSG00000188580	4.15317e-09	CNTNAP2	protein_coding	NKAIN2	protein_coding
ENSG00000174899	ENSG00000224078	8.09157e-09	PQLC2L	protein_coding	SNHG14	processed_transcript
ENSG00000174899	LRG_15	8.09157e-09	PQLC2L	protein_coding	UBE3A	LRG_gene
ENSG00000175311	ENSG00000250551	9.40815e-09	ANKS4B	protein_coding	RP11-254I22.1	lincRNA
ENSG00000175311	ENSG00000251314	9.40815e-09	ANKS4B	protein_coding	CTD-2337A12.1	antisense
ENSG00000175967	ENSG00000256256	3.47242e-09	RP11-544L8__B.4	antisense	RP11-443N24.4	lincRNA
ENSG00000176438	ENSG00000259817	7.47485e-09	SYNE3	protein_coding	RP11-53L24.1	lincRNA
ENSG00000176463	ENSG00000247381	2.45147e-10	SLCO3A1	protein_coding	PDX1-AS1	antisense
ENSG00000176463	ENSG00000253880	9.65473e-10	SLCO3A1	protein_coding	RP11-124B13.1	lincRNA
ENSG00000176771	ENSG00000183230	8.14211e-09	NCKAP5	protein_coding	CTNNA3	protein_coding
ENSG00000176771	ENSG00000198739	8.14211e-09	NCKAP5	protein_coding	LRRTM3	protein_coding
ENSG00000177192	ENSG00000198929	8.23034e-09	PUS1	protein_coding	NOS1AP	protein_coding
ENSG00000177614	ENSG00000251162	1.01549e-10	PGBD5	protein_coding	RP11-75A5.1	processed_pseudogene
ENSG00000177707	ENSG00000263635	5.11595e-09	PVRL3	protein_coding	RP11-805F19.2	lincRNA
ENSG00000177889	ENSG00000198730	2.73936e-09	UBE2N	protein_coding	CTR9	protein_coding
ENSG00000178026	ENSG00000185418	3.73184e-09	LRRC75B	protein_coding	TARSL2	protein_coding
ENSG00000178026	ENSG00000259236	6.58706e-09	LRRC75B	protein_coding	GOLGA8VP	unprocessed_pseudogene
ENSG00000178026	ENSG00000259660	6.58706e-09	LRRC75B	protein_coding	DNM1P47	transcribed_unprocessed_pseudogene
ENSG00000178568	ENSG00000187699	9.38669e-09	ERBB4	protein_coding	C2orf88	protein_coding
ENSG00000179029	ENSG00000197321	9.6187e-09	TMEM107	protein_coding	SVIL	protein_coding
ENSG00000179073	ENSG00000181045	3.58388e-09	TAAR3	unitary_pseudogene	SLC26A11	protein_coding
ENSG00000179242	ENSG00000253535	4.66962e-09	CDH4	protein_coding	RP11-624C23.1	antisense
ENSG00000180613	ENSG00000265846	5.7814e-09	GSX2	protein_coding	MIR4276	miRNA
ENSG00000180875	ENSG00000251692	8.81127e-09	GREM2	protein_coding	PTX4	protein_coding
ENSG00000181234	ENSG00000204956	8.67872e-09	TMEM132C	protein_coding	PCDHGA1	protein_coding
ENSG00000181234	ENSG00000254245	8.67872e-09	TMEM132C	protein_coding	PCDHGA3	protein_coding
ENSG00000181381	ENSG00000183780	5.46927e-09	DDX60L	protein_coding	SLC35F3	protein_coding
ENSG00000181804	ENSG00000185467	2.31573e-09	SLC9A9	protein_coding	KPNA7	protein_coding
ENSG00000182158	ENSG00000255028	8.57859e-09	CREB3L2	protein_coding	RP11-708B6.2	antisense
ENSG00000182168	ENSG00000267175	6.77098e-09	UNC5C	protein_coding	RP11-879F14.1	lincRNA
ENSG00000182185	LRG_488	5.84382e-09	RAD51B	protein_coding	ALK	LRG_gene
ENSG00000182400	ENSG00000245275	8.87719e-09	TRAPPC6B	protein_coding	SAP30L-AS1	antisense
ENSG00000182541	ENSG00000198740	1.59212e-09	LIMK2	protein_coding	ZNF652	protein_coding
ENSG00000182545	ENSG00000253877	6.39709e-09	RNASE10	protein_coding	RP11-946L20.2	lincRNA
ENSG00000182648	ENSG00000239704	3.81847e-09	LINC01006	lincRNA	CDRT4	protein_coding
ENSG00000182648	ENSG00000259024	3.81847e-09	LINC01006	lincRNA	TVP23C-CDRT4	protein_coding
ENSG00000182667	ENSG00000196782	5.1096e-09	NTM	protein_coding	MAML3	protein_coding
ENSG00000182957	ENSG00000263745	8.80915e-09	SPATA13	protein_coding	RP11-161I6.2	lincRNA
ENSG00000183117	ENSG00000186431	1.66814e-09	CSMD1	protein_coding	FCAR	protein_coding
ENSG00000183273	ENSG00000196335	6.2988e-09	CCDC60	protein_coding	STK31	protein_coding
ENSG00000183287	ENSG00000206432	7.32785e-09	CCBE1	protein_coding	TMEM200C	protein_coding
ENSG00000183778	ENSG00000249476	7.26444e-09	B3GALT5	protein_coding	CTD-2587M2.1	lincRNA
ENSG00000184261	ENSG00000240770	7.93314e-09	KCNK12	protein_coding	C21orf91-OT1	lincRNA
ENSG00000184530	ENSG00000197251	2.15607e-09	C6orf58	protein_coding	LINC00336	lincRNA
ENSG00000184530	ENSG00000204188	2.15607e-09	C6orf58	protein_coding	GGNBP1	unitary_pseudogene
ENSG00000184588	ENSG00000240137	9.6479e-11	PDE4B	protein_coding	ERICH6-AS1	antisense
ENSG00000184619	ENSG00000242327	4.90161e-09	KRBA2	protein_coding	CTD-2184D3.1	processed_pseudogene
ENSG00000184619	ENSG00000259712	4.90161e-09	KRBA2	protein_coding	CTD-2184D3.5	antisense
ENSG00000184640	ENSG00000253627	4.43514e-09	SEPT9	protein_coding	RP11-513H8.1	lincRNA
ENSG00000184708	ENSG00000198740	1.92635e-09	EIF4ENIF1	protein_coding	ZNF652	protein_coding
ENSG00000184809	ENSG00000249476	7.26444e-09	B3GALT5-AS1	antisense	CTD-2587M2.1	lincRNA
ENSG00000185008	ENSG00000226647	2.38877e-09	ROBO2	protein_coding	RP11-336A10.2	antisense
ENSG00000185008	ENSG00000272764	1.62822e-09	ROBO2	protein_coding	RP11-318E3.9	lincRNA
ENSG00000185261	ENSG00000270323	7.57045e-09	KIAA0825	protein_coding	AP000860.2	processed_pseudogene
ENSG00000185274	ENSG00000197483	9.30183e-10	WBSCR17	protein_coding	ZNF628	protein_coding
ENSG00000185274	ENSG00000269859	9.30183e-10	WBSCR17	protein_coding	CTD-2537I9.16	antisense
ENSG00000185345	ENSG00000185873	8.46247e-09	PARK2	protein_coding	TMPRSS11B	protein_coding
ENSG00000185345	ENSG00000200646	4.7498e-09	PARK2	protein_coding	Y_RNA	misc_RNA
ENSG00000185345	ENSG00000213014	4.7498e-09	PARK2	protein_coding	VN2R17P	processed_pseudogene
ENSG00000185345	ENSG00000266907	4.7498e-09	PARK2	protein_coding	AC006116.22	processed_pseudogene
ENSG00000185345	ENSG00000267549	4.7498e-09	PARK2	protein_coding	AC006116.17	antisense
ENSG00000185418	ENSG00000230947	3.73184e-09	TARSL2	protein_coding	AP000356.2	sense_intronic
ENSG00000185565	ENSG00000204764	8.41195e-09	LSAMP	protein_coding	RANBP17	protein_coding
ENSG00000185721	ENSG00000198740	1.92635e-09	DRG1	protein_coding	ZNF652	protein_coding
ENSG00000185774	ENSG00000251301	4.94253e-09	KCNIP4	protein_coding	RP11-81H14.2	lincRNA
ENSG00000185774	ENSG00000256273	4.94253e-09	KCNIP4	protein_coding	RP11-71J4.2	lincRNA
ENSG00000185924	ENSG00000243024	9.06686e-09	RTN4RL1	protein_coding	RPS11P6	transcribed_processed_pseudogene
ENSG00000186094	ENSG00000254123	5.8981e-09	AGBL4	protein_coding	RP11-99H20.1	lincRNA
ENSG00000186472	ENSG00000235645	3.2534e-09	PCLO	protein_coding	RP11-242G20.1	lincRNA
ENSG00000186642	LRG_154	9.28269e-09	PDE2A	protein_coding	MBL2	LRG_gene
ENSG00000186866	ENSG00000234308	4.78743e-09	POFUT2	protein_coding	AC093381.2	lincRNA
ENSG00000186866	ENSG00000273118	4.78743e-09	POFUT2	protein_coding	AC079610.1	sense_overlapping
ENSG00000186976	ENSG00000187051	8.99238e-10	EFCAB6	protein_coding	RPS19BP1	protein_coding
ENSG00000187054	ENSG00000214688	3.57321e-09	TMPRSS11A	protein_coding	C10orf105	protein_coding
ENSG00000187258	ENSG00000224893	7.97987e-09	NPSR1	protein_coding	RP1-200K18.1	lincRNA
ENSG00000187323	ENSG00000228830	7.14528e-09	DCC	protein_coding	RP4-781K5.2	antisense
ENSG00000187664	ENSG00000231871	6.63974e-09	HAPLN4	protein_coding	IPO9-AS1	antisense
ENSG00000187664	ENSG00000235121	6.63974e-09	HAPLN4	protein_coding	RP11-90L20.2	antisense
ENSG00000187664	ENSG00000264802	6.63974e-09	HAPLN4	protein_coding	MIR5191	miRNA
ENSG00000187672	ENSG00000223776	7.88239e-09	ERC2	protein_coding	LGALS8-AS1	antisense
ENSG00000187720	ENSG00000223725	6.11775e-09	THSD4	protein_coding	AC007879.5	antisense
ENSG00000187764	ENSG00000241469	8.15822e-09	SEMA4D	protein_coding	LINC00635	lincRNA
ENSG00000188269	ENSG00000253646	2.40929e-09	OR7A5	protein_coding	CTD-2311A18.1	processed_pseudogene
ENSG00000188511	ENSG00000259332	9.41984e-09	C22orf34	lincRNA	ST20-MTHFS	protein_coding
ENSG00000188511	ENSG00000261229	9.41984e-09	C22orf34	lincRNA	MTHFS	lincRNA
ENSG00000196177	ENSG00000228340	6.68575e-09	ACADSB	protein_coding	MIR646HG	lincRNA
ENSG00000196267	ENSG00000198929	2.38853e-09	ZNF836	protein_coding	NOS1AP	protein_coding
ENSG00000196335	ENSG00000248636	6.2988e-09	STK31	protein_coding	RP11-768F21.1	lincRNA
ENSG00000196353	ENSG00000251165	4.16719e-09	CPNE4	protein_coding	F11-AS1	antisense
ENSG00000196353	ENSG00000272297	4.16719e-09	CPNE4	protein_coding	RP11-215A19.2	protein_coding
ENSG00000196482	ENSG00000205022	7.0686e-09	ESRRG	protein_coding	PABPN1L	protein_coding
ENSG00000196482	ENSG00000248493	7.53659e-10	ESRRG	protein_coding	AC005351.1	processed_pseudogene
ENSG00000197085	ENSG00000224893	7.97987e-09	NPSR1-AS1	processed_transcript	RP1-200K18.1	lincRNA
ENSG00000197134	ENSG00000243444	5.21835e-09	ZNF257	protein_coding	PALM2	protein_coding
ENSG00000197321	ENSG00000200463	9.6187e-09	SVIL	protein_coding	SNORD118	snoRNA
ENSG00000197321	ENSG00000266824	9.6187e-09	SVIL	protein_coding	RP11-599B13.7	lincRNA
ENSG00000197585	ENSG00000228340	3.11757e-09	AC107218.3	antisense	MIR646HG	lincRNA
ENSG00000197798	ENSG00000232973	3.63466e-09	FAM118B	protein_coding	CYP1B1-AS1	antisense
ENSG00000197798	ENSG00000280276	3.63466e-09	FAM118B	protein_coding	RP11-314C9.1	TEC
ENSG00000198610	ENSG00000228716	9.92389e-09	AKR1C4	protein_coding	DHFR	protein_coding
ENSG00000198610	ENSG00000271043	9.92389e-09	AKR1C4	protein_coding	MTRNR2L2	processed_pseudogene
ENSG00000198740	ENSG00000199695	1.59212e-09	ZNF652	protein_coding	RNU6-1128P	snRNA
ENSG00000198740	ENSG00000202019	1.59212e-09	ZNF652	protein_coding	Y_RNA	misc_RNA
ENSG00000198740	ENSG00000228839	4.90823e-09	ZNF652	protein_coding	PIK3IP1-AS1	antisense
ENSG00000198740	ENSG00000254835	2.12428e-09	ZNF652	protein_coding	RNF185-AS1	antisense
ENSG00000198740	ENSG00000264141	8.80485e-09	ZNF652	protein_coding	MIR3928	miRNA
ENSG00000198929	ENSG00000267827	2.38853e-09	NOS1AP	protein_coding	CTC-471J1.8	processed_transcript
ENSG00000198929	ENSG00000273568	8.23034e-09	NOS1AP	protein_coding	RP11-417L19.6	sense_intronic
ENSG00000198963	ENSG00000236068	7.65438e-09	RORB	protein_coding	AC016561.1	unitary_pseudogene
ENSG00000199631	ENSG00000245384	1.4905e-09	SNORD33	snoRNA	AC004053.1	antisense
ENSG00000199631	ENSG00000250670	1.4905e-09	SNORD33	snoRNA	AC004063.1	lincRNA
ENSG00000199788	ENSG00000249000	8.41218e-09	RNY3P2	misc_RNA	CTD-2012I17.1	lincRNA
ENSG00000199815	ENSG00000260401	9.36128e-09	SNORA17	snoRNA	RP11-800A3.4	sense_overlapping
ENSG00000200259	ENSG00000245384	1.4905e-09	SNORD35A	snoRNA	AC004053.1	antisense
ENSG00000200259	ENSG00000250670	1.4905e-09	SNORD35A	snoRNA	AC004063.1	lincRNA
ENSG00000201675	ENSG00000245384	1.4905e-09	SNORD32A	snoRNA	AC004053.1	antisense
ENSG00000201675	ENSG00000250670	1.4905e-09	SNORD32A	snoRNA	AC004063.1	lincRNA
ENSG00000202147	ENSG00000255872	2.01673e-09	RNA5SP329	rRNA	RP11-613M10.9	protein_coding
ENSG00000202503	ENSG00000245384	1.4905e-09	SNORD34	snoRNA	AC004053.1	antisense
ENSG00000202503	ENSG00000250670	1.4905e-09	SNORD34	snoRNA	AC004063.1	lincRNA
ENSG00000203805	ENSG00000240895	2.64541e-09	PPAPDC1A	protein_coding	RP11-119D18.1	lincRNA
ENSG00000204380	ENSG00000231185	9.79608e-09	AC005042.4	antisense	AC005592.2	antisense
ENSG00000204442	ENSG00000263795	8.02258e-09	FAM155A	protein_coding	MIR5100	miRNA
ENSG00000204767	ENSG00000252655	6.08888e-09	FAM196B	protein_coding	Y_RNA	misc_RNA
ENSG00000204767	ENSG00000259053	6.08888e-09	FAM196B	protein_coding	RP11-33N16.3	processed_transcript
ENSG00000205592	ENSG00000273528	9.04371e-09	MUC19	processed_transcript	LILRP2	transcribed_processed_pseudogene
ENSG00000205838	ENSG00000226994	9.90782e-09	TTC23L	protein_coding	AC012593.1	lincRNA
ENSG00000206432	ENSG00000267061	7.32785e-09	TMEM200C	protein_coding	RP11-760L24.1	antisense
ENSG00000212127	ENSG00000227964	7.82035e-09	TAS2R14	protein_coding	LINC01429	lincRNA
ENSG00000212475	ENSG00000261130	3.84818e-09	RNU6-400P	snRNA	RP11-1021N1.1	protein_coding
ENSG00000212475	ENSG00000278823	3.84818e-09	RNU6-400P	snRNA	C16orf45	protein_coding
ENSG00000213996	ENSG00000231871	3.7321e-09	TM6SF2	protein_coding	IPO9-AS1	antisense
ENSG00000213996	ENSG00000235121	3.7321e-09	TM6SF2	protein_coding	RP11-90L20.2	antisense
ENSG00000213996	ENSG00000264802	3.7321e-09	TM6SF2	protein_coding	MIR5191	miRNA
ENSG00000214688	ENSG00000248049	3.57321e-09	C10orf105	protein_coding	UBA6-AS1	antisense
ENSG00000222067	ENSG00000232973	3.63466e-09	RNU4-86P	snRNA	CYP1B1-AS1	antisense
ENSG00000222067	ENSG00000280276	3.63466e-09	RNU4-86P	snRNA	RP11-314C9.1	TEC
ENSG00000222451	LRG_189	1.91359e-09	RN7SKP143	misc_RNA	ITK	LRG_gene
ENSG00000222994	ENSG00000262966	1.60856e-09	AC006322.1	miRNA	RP11-85B7.2	antisense
ENSG00000223052	ENSG00000277361	5.93456e-09	AC007096.1	miRNA	AC243653.2	protein_coding
ENSG00000223414	ENSG00000276116	1.70034e-09	LINC00473	lincRNA	FUT8-AS1	antisense
ENSG00000223784	ENSG00000232803	3.71436e-09	RP11-554I8.2	lincRNA	SLCO4A1-AS1	antisense
ENSG00000223914	ENSG00000225884	6.94734e-09	AC079630.2	lincRNA	AC098872.3	antisense
ENSG00000224078	ENSG00000228791	1.80925e-09	SNHG14	processed_transcript	THRB-AS1	processed_transcript
ENSG00000224078	ENSG00000237838	1.80925e-09	SNHG14	processed_transcript	AC133680.1	lincRNA
ENSG00000224257	ENSG00000228340	3.11757e-09	VWC2L-IT1	sense_intronic	MIR646HG	lincRNA
ENSG00000225813	ENSG00000234993	5.82167e-09	AC009299.4	processed_pseudogene	CUBNP2	unprocessed_pseudogene
ENSG00000225940	ENSG00000259035	5.94799e-09	AC022431.2	protein_coding	RP11-666E17.1	lincRNA
ENSG00000226206	ENSG00000236886	6.70525e-09	RP5-1050E16.2	lincRNA	AC007563.5	antisense
ENSG00000226994	ENSG00000250140	9.90782e-09	AC012593.1	lincRNA	CTD-2517O10.5	processed_pseudogene
ENSG00000226994	ENSG00000279765	9.87569e-09	AC012593.1	lincRNA	RP11-437B10.1	protein_coding
ENSG00000227290	ENSG00000229847	2.36015e-09	LINC01364	lincRNA	EMX2OS	antisense
ENSG00000227365	ENSG00000235042	8.58661e-09	AC008060.5	antisense	AC098820.2	antisense
ENSG00000227542	ENSG00000263810	7.60177e-09	AC092614.2	lincRNA	AC055723.1	miRNA
ENSG00000227653	ENSG00000257986	1.0853e-09	ISCA1P6	processed_pseudogene	RP11-314P15.2	lincRNA
ENSG00000227803	ENSG00000274863	2.85349e-09	RP11-239H6.2	antisense	RP11-97N19.3	lincRNA
ENSG00000227906	ENSG00000250658	4.68558e-10	SNAP25-AS1	antisense	RP11-138B4.1	lincRNA
ENSG00000227964	ENSG00000231887	7.82035e-09	LINC01429	lincRNA	PRH1	protein_coding
ENSG00000227964	ENSG00000261984	7.82035e-09	LINC01429	lincRNA	TAS2R14	protein_coding
ENSG00000227964	ENSG00000263247	7.82035e-09	LINC01429	lincRNA	PRR4	protein_coding
ENSG00000227964	ENSG00000275778	7.82035e-09	LINC01429	lincRNA	PRH1-PRR4	protein_coding
ENSG00000227964	ENSG00000278307	7.82035e-09	LINC01429	lincRNA	AC245078.4	protein_coding
ENSG00000228214	ENSG00000257202	4.43591e-09	LINC00693	antisense	RP11-512N21.3	antisense
ENSG00000228340	ENSG00000260439	6.2845e-09	MIR646HG	lincRNA	LMF1-AS1	antisense
ENSG00000228340	ENSG00000260496	5.44366e-09	MIR646HG	lincRNA	RP11-161M6.3	lincRNA
ENSG00000228340	ENSG00000260807	3.13447e-09	MIR646HG	lincRNA	RP11-161M6.2	lincRNA
ENSG00000228340	LRG_451	6.68575e-09	MIR646HG	lincRNA	ACADSB	LRG_gene
ENSG00000228586	ENSG00000231185	9.79608e-09	AC005042.5	lincRNA	AC005592.2	antisense
ENSG00000228956	ENSG00000280240	4.26078e-09	SATB1-AS1	processed_transcript	AL049794.1	protein_coding
ENSG00000229452	ENSG00000277361	5.93456e-09	AC005162.4	antisense	AC243653.2	protein_coding
ENSG00000230506	ENSG00000250658	4.68558e-10	RP11-416N4.4	lincRNA	RP11-138B4.1	lincRNA
ENSG00000230561	ENSG00000254079	9.30689e-09	LINC01183	lincRNA	RP11-31K23.1	processed_pseudogene
ENSG00000230730	ENSG00000276179	1.53745e-09	AC074011.2	antisense	DLG2-AS1_2	misc_RNA
ENSG00000230848	ENSG00000231672	9.66001e-09	RP11-379C10.1	antisense	DIRC3	protein_coding
ENSG00000230947	ENSG00000259236	6.58706e-09	AP000356.2	sense_intronic	GOLGA8VP	unprocessed_pseudogene
ENSG00000230947	ENSG00000259660	6.58706e-09	AP000356.2	sense_intronic	DNM1P47	transcribed_unprocessed_pseudogene
ENSG00000231171	ENSG00000270304	4.71773e-09	LINC01098	lincRNA	RP11-597G23.1	processed_pseudogene
ENSG00000231200	LRG_457	5.46911e-09	AC068490.2	lincRNA	FLT3	LRG_gene
ENSG00000231312	ENSG00000263397	5.98068e-09	AC007246.3	antisense	MIR5196	miRNA
ENSG00000231671	ENSG00000253438	7.23799e-09	LINC01307	lincRNA	PCAT1	lincRNA
ENSG00000231871	ENSG00000267629	3.7321e-09	IPO9-AS1	antisense	AC138430.4	processed_transcript
ENSG00000232448	ENSG00000250658	4.68558e-10	RP11-416N4.1	lincRNA	RP11-138B4.1	lincRNA
ENSG00000232973	ENSG00000254694	3.63466e-09	CYP1B1-AS1	antisense	RP11-50B3.4	antisense
ENSG00000234261	ENSG00000234423	7.19701e-09	RP11-146I2.1	lincRNA	LINC01250	lincRNA
ENSG00000234553	ENSG00000259035	5.94799e-09	AC022431.3	sense_intronic	RP11-666E17.1	lincRNA
ENSG00000234626	ENSG00000241577	8.99348e-09	RP1-149A16.12	antisense	RP11-523O18.7	sense_overlapping
ENSG00000234993	ENSG00000235724	5.82167e-09	CUBNP2	unprocessed_pseudogene	AC009299.2	antisense
ENSG00000235121	ENSG00000267629	3.7321e-09	RP11-90L20.2	antisense	AC138430.4	processed_transcript
ENSG00000235162	ENSG00000274726	2.14482e-09	C12orf75	protein_coding	ARHGEF10	protein_coding
ENSG00000235492	ENSG00000235531	9.21433e-09	LINC01221	lincRNA	RP11-383H13.1	antisense
ENSG00000236253	LRG_293	2.79637e-09	SLC25A3P1	transcribed_processed_pseudogene	BRCA2	LRG_gene
ENSG00000236310	ENSG00000237061	8.33697e-09	AC005027.3	sense_overlapping	RP11-956J14.1	sense_intronic
ENSG00000236507	ENSG00000236886	6.70525e-09	RP5-1050E16.1	lincRNA	AC007563.5	antisense
ENSG00000237838	ENSG00000257703	1.22104e-09	AC133680.1	lincRNA	RP11-328J6.1	lincRNA
ENSG00000237838	ENSG00000257860	1.22104e-09	AC133680.1	lincRNA	RP11-552I14.1	lincRNA
ENSG00000237877	ENSG00000258744	3.03985e-09	LINC01473	lincRNA	RP11-80A15.1	antisense
ENSG00000239821	ENSG00000275746	3.55479e-09	RN7SL513P	misc_RNA	KLF13	protein_coding
ENSG00000240541	ENSG00000251209	1.89672e-09	TM4SF1-AS1	antisense	LINC00923	lincRNA
ENSG00000241168	ENSG00000253176	3.44901e-09	RP11-10O22.1	lincRNA	RP11-1149M3.2	processed_pseudogene
ENSG00000241313	ENSG00000253632	8.69186e-09	WWTR1-AS1	antisense	RP11-486M23.1	lincRNA
ENSG00000241469	ENSG00000264913	8.15822e-09	LINC00635	lincRNA	AL590233.1	miRNA
ENSG00000241577	ENSG00000280361	8.99348e-09	RP11-523O18.7	sense_overlapping	RP1-149A16.19	lincRNA
ENSG00000241956	ENSG00000261578	4.82508e-09	CTC-340A15.2	antisense	RP11-21L23.2	sense_overlapping
ENSG00000241984	ENSG00000245275	8.87719e-09	RPL7AP2	processed_pseudogene	SAP30L-AS1	antisense
ENSG00000242327	ENSG00000263809	4.90161e-09	CTD-2184D3.1	processed_pseudogene	RP11-849F2.7	protein_coding
ENSG00000242327	ENSG00000265749	4.90161e-09	CTD-2184D3.1	processed_pseudogene	RP11-849F2.5	antisense
ENSG00000243444	ENSG00000268116	7.83695e-09	PALM2	protein_coding	RP11-157B13.1	processed_pseudogene
ENSG00000243444	ENSG00000268140	7.83695e-09	PALM2	protein_coding	PCGF7P	processed_pseudogene
ENSG00000243444	ENSG00000269505	7.83695e-09	PALM2	protein_coding	ZNF92P2	processed_pseudogene
ENSG00000243444	ENSG00000269742	5.21835e-09	PALM2	protein_coding	BNIP3P29	processed_pseudogene
ENSG00000243444	ENSG00000279577	7.83695e-09	PALM2	protein_coding	RP11-157B13.14	processed_pseudogene
ENSG00000243885	ENSG00000251209	1.89672e-09	RP11-278L15.2	lincRNA	LINC00923	lincRNA
ENSG00000243920	ENSG00000249252	5.89877e-09	RPS26P24	processed_pseudogene	RP11-665G4.1	antisense
ENSG00000244052	ENSG00000257526	1.04031e-09	RPL5P24	processed_pseudogene	RP11-20E24.1	lincRNA
ENSG00000244052	ENSG00000271142	1.11679e-09	RPL5P24	processed_pseudogene	YWHAQP7	processed_pseudogene
ENSG00000245384	ENSG00000269469	2.85701e-09	AC004053.1	antisense	CTD-3148I10.9	protein_coding
ENSG00000245384	ENSG00000273189	1.4905e-09	AC004053.1	antisense	CTD-3148I10.15	processed_transcript
ENSG00000248281	ENSG00000271074	2.06644e-09	RP11-174E22.2	processed_pseudogene	RP11-212J19.1	processed_pseudogene
ENSG00000248799	ENSG00000254079	1.46511e-09	CTC-548H10.2	antisense	RP11-31K23.1	processed_pseudogene
ENSG00000250670	ENSG00000269469	2.85701e-09	AC004063.1	lincRNA	CTD-3148I10.9	protein_coding
ENSG00000250670	ENSG00000273189	1.4905e-09	AC004063.1	lincRNA	CTD-3148I10.15	processed_transcript
ENSG00000251504	ENSG00000270304	4.71773e-09	LINC01099	lincRNA	RP11-597G23.1	processed_pseudogene
ENSG00000251680	ENSG00000253859	2.22298e-09	CTC-575N7.1	antisense	RP11-157I4.4	antisense
ENSG00000252288	ENSG00000275720	2.42117e-09	RNU6-966P	snRNA	CTB-75G16.3	lincRNA
ENSG00000252422	ENSG00000261115	9.08649e-09	RNA5SP476	rRNA	TMEM178B	protein_coding
ENSG00000253320	ENSG00000257526	1.04031e-09	KB-1507C5.2	antisense	RP11-20E24.1	lincRNA
ENSG00000253320	ENSG00000271142	1.11679e-09	KB-1507C5.2	antisense	YWHAQP7	processed_pseudogene
ENSG00000253646	ENSG00000256210	2.40929e-09	CTD-2311A18.1	processed_pseudogene	AC005255.3	processed_pseudogene
ENSG00000253802	ENSG00000278529	9.62926e-09	CTA-392C11.1	lincRNA	MIR8070	miRNA
ENSG00000253802	ENSG00000278645	9.62926e-09	CTA-392C11.1	lincRNA	AC104383.1	miRNA
ENSG00000254277	ENSG00000266313	1.45068e-09	RP11-1144P22.1	lincRNA	RP11-173M1.4	lincRNA
ENSG00000254694	ENSG00000280276	3.63466e-09	RP11-50B3.4	antisense	RP11-314C9.1	TEC
ENSG00000255749	ENSG00000264876	4.07036e-09	GNAI2P1	processed_pseudogene	RP11-138E9.2	lincRNA
ENSG00000256061	ENSG00000264470	2.35876e-09	DYX1C1	protein_coding	MIR4794	miRNA
ENSG00000257271	ENSG00000279910	9.92872e-09	KIRREL3-AS1	antisense	RP11-113E21.2	TEC
ENSG00000257642	ENSG00000274726	2.14482e-09	RP11-474B16.1	antisense	ARHGEF10	protein_coding
ENSG00000258167	ENSG00000273528	9.04371e-09	RP11-115F18.1	antisense	LILRP2	transcribed_processed_pseudogene
ENSG00000259065	ENSG00000269826	9.08378e-09	RP5-1021I20.1	antisense	RP11-158I3.3	lincRNA
ENSG00000259304	ENSG00000275720	2.42117e-09	CTD-2014N11.3	processed_pseudogene	CTB-75G16.3	lincRNA
ENSG00000259616	ENSG00000275285	7.23605e-09	RP11-507B12.2	lincRNA	RP4-564F22.6	lincRNA
ENSG00000259712	ENSG00000263809	4.90161e-09	CTD-2184D3.5	antisense	RP11-849F2.7	protein_coding
ENSG00000259712	ENSG00000265749	4.90161e-09	CTD-2184D3.5	antisense	RP11-849F2.5	antisense
ENSG00000260401	ENSG00000281863	9.36128e-09	RP11-800A3.4	sense_overlapping	SNORA43	snoRNA
ENSG00000261652	ENSG00000264470	2.35876e-09	C15orf65	protein_coding	MIR4794	miRNA
ENSG00000261771	ENSG00000264470	2.35876e-09	DYX1C1-CCPG1	processed_transcript	MIR4794	miRNA
ENSG00000263745	ENSG00000273167	8.80915e-09	RP11-161I6.2	lincRNA	RP11-307N16.6	protein_coding
ENSG00000264015	ENSG00000279932	1.13272e-09	RP11-176N18.2	lincRNA	RP11-349F21.2	sense_intronic
ENSG00000264241	ENSG00000277462	2.26174e-09	AL138721.1	miRNA	ZNF670	protein_coding
ENSG00000264749	ENSG00000274726	2.14482e-09	AC011313.1	miRNA	ARHGEF10	protein_coding
ENSG00000264802	ENSG00000267629	3.7321e-09	MIR5191	miRNA	AC138430.4	processed_transcript
ENSG00000266330	ENSG00000277462	2.26174e-09	AL138721.2	miRNA	ZNF670	protein_coding
ENSG00000266913	ENSG00000279923	5.95427e-09	CTC-548K16.2	lincRNA	CTD-2008E3.1	TEC
